VS: Country/Territory,VS: Bodytype,VS: Sales Brand,VS: Regional Origin,VS: Market,VS: Region,VS: Sales Region,VS: Sales Group,VS: Sales Parent,Q1 2015,Q2 2015,Q3 2015,Q4 2015,Q1 2016,Q2 2016,Q3 2016,Q4 2016,Q1 2017,Q2 2017,Q3 2017,Q4 2017,Q1 2018,Q2 2018,Q3 2018,Q4 2018,Q1 2019,Q2 2019,Q3 2019,Q4 2019,Q1 2020,Q2 2020,Q3 2020,Q4 2020,Q1 2021,Q2 2021,Q3 2021,Q4 2021,Q1 2022,Q2 2022,Q3 2022,Q4 2022,Q1 2023,Q2 2023,Q3 2023,Q4 2023
Singapore,Chassis-Cab,Hino,Import,ASEAN,South Asia,ASEAN,Hino,Toyota,34,58,126,140,134,159,133,128,92,87,119,59,40,103,107,135,102,132,141,112,118,41,90,123,115,107,120,132,123,146,120,180,164,80,134,118
Singapore,Chassis-Cab,Isuzu,Import,ASEAN,South Asia,ASEAN,Isuzu,Isuzu,112,139,328,326,90,88,93,57,61,50,70,88,34,74,46,120,76,52,50,59,70,17,53,46,122,3,1,0,4,5,15,11,5,1,0,34
Singapore,Chassis-Cab,JAC,Import,ASEAN,South Asia,ASEAN,Jianghuai,Jianghuai,0,0,5,12,6,12,6,6,5,5,9,22,1,0,1,1,5,2,0,0,0,0,0,0,0,0,0,0,0,0,0,0,0,0,0,0
Singapore,Chassis-Cab,Kia,Import,ASEAN,South Asia,ASEAN,Hyundai,Hyundai,22,15,43,27,26,20,18,33,20,16,57,13,45,49,31,37,67,95,43,33,37,12,35,36,32,4,5,0,4,7,0,0,0,0,0,11
Singapore,Chassis-Cab,Mitsubishi Fuso,Domestic,ASEAN,South Asia,ASEAN,Daimler Truck,Daimler Truck,2,3,4,6,0,0,0,0,0,0,1,0,0,0,0,0,0,0,0,0,0,0,0,0,0,0,0,0,0,0,0,0,0,0,0,0
Singapore,Chassis-Cab,Mitsubishi Fuso,Import,ASEAN,South Asia,ASEAN,Daimler Truck,Daimler Truck,184,218,331,547,78,112,106,105,103,46,104,45,2,56,48,56,83,97,93,99,63,16,83,63,52,1,3,8,5,1,0,0,6,1,3,20
Singapore,Chassis-Cab,Nissan,Import,ASEAN,South Asia,ASEAN,Nissan,Renault-Nissan-Mitsubishi,140,122,653,359,243,280,207,213,246,469,414,494,87,229,265,286,216,264,270,190,211,67,193,115,44,303,170,45,8,24,35,25,23,8,14,7
Singapore,Chassis-Cab,Suzuki,Domestic,ASEAN,South Asia,ASEAN,Suzuki,Suzuki,0,0,0,0,0,0,0,0,0,0,0,0,0,0,0,0,0,0,0,0,0,0,0,0,0,0,0,0,0,0,0,0,0,0,8,0
Singapore,Chassis-Cab,Toyota,Import,ASEAN,South Asia,ASEAN,Toyota,Toyota,414,612,521,601,353,175,231,236,431,326,534,240,205,380,344,393,325,234,252,220,236,112,409,416,1099,94,229,234,249,246,200,192,164,11,23,122
Singapore,Convertible,Aston Martin,Import,ASEAN,South Asia,ASEAN,Aston Martin,Aston Martin,0,0,0,0,0,0,0,0,2,1,2,0,0,0,0,0,0,0,0,0,0,0,0,0,0,0,0,0,0,0,0,0,0,0,0,0
Singapore,Convertible,Audi,Import,ASEAN,South Asia,ASEAN,Audi,Volkswagen,44,37,34,39,26,32,25,4,8,6,7,5,9,5,4,8,4,1,4,1,1,1,1,2,3,1,0,0,9,0,0,0,0,0,0,0
Singapore,Convertible,BMW,Import,ASEAN,South Asia,ASEAN,BMW,BMW,40,59,47,56,39,41,37,21,23,16,33,35,20,22,24,19,14,29,26,13,5,1,0,4,10,0,6,0,0,0,0,0,4,6,6,6
Singapore,Convertible,Ferrari,Import,ASEAN,South Asia,ASEAN,Ferrari,Ferrari,0,2,1,0,0,0,0,0,0,0,0,0,0,0,0,2,5,4,4,2,3,2,5,2,0,3,6,0,1,3,0,2,0,0,0,1
Singapore,Convertible,Fiat,Import,ASEAN,South Asia,ASEAN,FCA,Stellantis,0,1,0,0,0,0,0,0,0,0,0,0,0,0,0,0,0,0,0,0,0,0,0,0,0,0,0,0,0,0,0,0,0,0,0,1
Singapore,Convertible,Land Rover,Import,ASEAN,South Asia,ASEAN,Tata,Tata,0,0,0,0,0,0,2,4,2,1,4,2,3,2,3,1,1,2,1,0,0,0,0,0,0,0,0,0,0,0,0,0,0,0,0,0
Singapore,Convertible,Maserati,Import,ASEAN,South Asia,ASEAN,FCA,Stellantis,0,1,0,0,0,0,0,1,0,3,2,2,3,2,3,4,2,4,3,0,0,0,0,0,0,0,0,0,0,0,0,0,0,0,0,0
Singapore,Convertible,Mercedes-Benz,Import,ASEAN,South Asia,ASEAN,Mercedes-Benz,Mercedes-Benz,87,94,81,84,78,89,86,36,65,52,33,15,10,12,16,7,14,14,11,10,10,1,8,13,10,9,8,6,3,3,4,3,5,4,3,17
Singapore,Convertible,Mini,Import,ASEAN,South Asia,ASEAN,BMW,BMW,12,14,17,19,11,25,20,9,7,10,7,8,6,2,14,10,8,9,7,4,3,2,11,8,6,11,5,5,1,0,4,2,2,2,2,4
Singapore,Convertible,Opel,Import,ASEAN,South Asia,ASEAN,PSA,Stellantis,0,0,0,0,0,0,0,0,1,0,8,10,3,4,0,1,5,6,5,4,4,0,4,3,0,0,0,0,0,0,0,0,0,0,0,0
Singapore,Convertible,Porsche,Import,ASEAN,South Asia,ASEAN,Porsche,Volkswagen,3,6,8,1,3,6,11,3,8,5,6,11,6,5,6,8,7,7,8,6,6,2,7,6,6,7,2,6,5,3,5,3,2,4,3,5
Singapore,Convertible,Rolls-Royce,Import,ASEAN,South Asia,ASEAN,BMW,BMW,0,1,1,0,0,0,3,1,2,0,0,1,0,0,0,0,0,0,0,0,0,0,0,0,0,0,0,0,0,0,10,12,0,0,0,0
Singapore,Convertible,Volkswagen,Import,ASEAN,South Asia,ASEAN,Volkswagen,Volkswagen,0,9,12,12,14,14,10,7,2,1,0,13,27,13,29,6,4,16,9,8,4,0,2,0,0,0,0,0,0,0,0,0,0,0,0,0
Singapore,Coupe,Alfa Romeo,Import,ASEAN,South Asia,ASEAN,FCA,Stellantis,1,0,0,0,0,0,0,0,0,0,0,0,0,1,0,0,3,2,3,1,0,0,0,0,1,1,1,1,2,1,0,1,1,1,0,0
Singapore,Coupe,Alpine,Import,ASEAN,South Asia,ASEAN,Renault,Renault-Nissan-Mitsubishi,0,0,0,0,0,0,0,0,0,0,0,0,0,0,0,0,0,1,7,6,3,0,2,2,3,4,2,2,2,1,3,3,0,1,0,1
Singapore,Coupe,Aston Martin,Import,ASEAN,South Asia,ASEAN,Aston Martin,Aston Martin,0,0,0,0,2,2,0,2,5,4,3,3,0,3,4,4,3,5,2,5,5,3,5,14,6,2,3,3,6,4,0,1,3,3,1,1
Singapore,Coupe,Audi,Import,ASEAN,South Asia,ASEAN,Audi,Volkswagen,73,60,54,77,48,53,41,6,10,8,8,8,13,8,6,6,6,1,4,3,5,0,6,5,4,6,8,4,17,8,3,2,4,3,3,20
Singapore,Coupe,Bentley,Import,ASEAN,South Asia,ASEAN,Audi,Volkswagen,2,0,0,0,5,5,8,7,2,10,4,5,3,1,5,7,4,7,5,5,4,2,8,8,9,12,6,9,16,9,6,8,7,15,2,1
Singapore,Coupe,BMW,Import,ASEAN,South Asia,ASEAN,BMW,BMW,63,57,41,61,54,69,49,34,34,26,69,76,37,46,55,41,40,78,57,35,18,4,11,28,42,51,59,47,43,54,41,61,36,51,42,66
Singapore,Coupe,Chevrolet,Import,ASEAN,South Asia,ASEAN,General Motors,General Motors,0,0,0,0,0,0,0,0,0,0,0,0,0,0,0,0,0,0,0,0,0,0,0,0,0,0,0,0,0,0,0,0,0,2,1,0
Singapore,Coupe,Ferrari,Import,ASEAN,South Asia,ASEAN,Ferrari,Ferrari,18,9,5,5,13,2,8,4,7,3,10,4,5,1,5,6,8,3,4,2,1,1,3,0,5,11,10,19,16,29,27,15,35,34,19,21
Singapore,Coupe,Ford,Import,ASEAN,South Asia,ASEAN,Ford,Ford,0,0,0,0,0,0,0,0,8,10,5,4,5,6,2,7,1,1,5,4,0,1,11,2,1,0,1,3,0,2,1,0,0,0,0,4
Singapore,Coupe,Honda,Import,ASEAN,South Asia,ASEAN,Honda,Honda,9,0,0,0,0,0,0,0,2,2,3,0,0,0,0,0,0,0,0,0,0,0,0,0,0,0,0,0,0,0,0,0,0,1,0,0
Singapore,Coupe,Infiniti,Import,ASEAN,South Asia,ASEAN,Nissan,Renault-Nissan-Mitsubishi,0,0,0,0,0,0,0,0,6,6,9,7,3,4,6,4,8,4,7,3,4,0,9,6,3,2,0,0,0,0,0,0,0,0,0,0
Singapore,Coupe,Jaguar,Import,ASEAN,South Asia,ASEAN,Tata,Tata,4,5,6,5,5,3,5,2,1,3,1,2,0,2,1,0,2,2,0,3,0,0,0,0,2,1,1,2,5,1,1,1,1,0,1,4
Singapore,Coupe,Kia,Import,ASEAN,South Asia,ASEAN,Hyundai,Hyundai,2,1,0,0,0,0,0,0,0,0,0,0,0,0,0,0,0,0,0,0,0,0,0,0,0,0,0,0,0,0,0,0,0,0,0,0
Singapore,Coupe,Lamborghini,Import,ASEAN,South Asia,ASEAN,Audi,Volkswagen,7,6,4,6,6,3,3,1,3,5,5,2,8,11,6,11,4,3,2,2,4,0,8,4,2,4,2,10,5,0,4,3,6,0,0,13
Singapore,Coupe,Lexus,Import,ASEAN,South Asia,ASEAN,Toyota,Toyota,0,0,1,3,9,6,4,2,4,5,7,14,2,3,4,4,1,0,2,6,8,1,0,2,0,3,0,3,10,4,2,0,1,0,0,2
Singapore,Coupe,Lotus,Import,ASEAN,South Asia,ASEAN,Geely,Geely,0,0,0,0,0,0,0,0,0,0,0,0,0,0,0,0,0,0,0,0,0,0,0,0,0,0,0,0,0,0,0,0,0,3,5,6
Singapore,Coupe,Maserati,Import,ASEAN,South Asia,ASEAN,FCA,Stellantis,6,10,1,2,2,2,3,2,1,3,2,3,2,2,3,4,3,3,3,4,3,0,2,0,0,0,0,0,0,0,0,0,0,0,0,4
Singapore,Coupe,McLaren,Import,ASEAN,South Asia,ASEAN,McLaren,McLaren,3,0,0,0,1,2,2,0,2,0,0,8,5,2,4,1,3,2,2,2,0,1,4,0,5,6,4,2,2,7,4,7,11,2,2,0
Singapore,Coupe,Mercedes-Benz,Import,ASEAN,South Asia,ASEAN,Mercedes-Benz,Mercedes-Benz,79,91,83,95,76,65,82,57,67,95,98,123,92,99,124,64,123,116,87,78,81,9,64,100,99,102,96,44,71,77,76,63,42,40,32,76
Singapore,Coupe,Mini,Import,ASEAN,South Asia,ASEAN,BMW,BMW,0,3,0,0,0,0,0,0,0,0,0,0,0,0,0,0,0,0,0,0,0,0,0,0,0,0,0,0,0,0,0,0,0,0,0,0
Singapore,Coupe,Nissan,Import,ASEAN,South Asia,ASEAN,Nissan,Renault-Nissan-Mitsubishi,1,0,0,0,0,1,0,2,0,5,4,4,4,3,3,4,5,1,0,1,0,0,1,1,0,1,1,4,4,1,2,1,0,0,0,0
Singapore,Coupe,Porsche,Import,ASEAN,South Asia,ASEAN,Porsche,Volkswagen,15,24,16,14,8,12,22,14,28,13,16,27,14,17,20,24,24,22,18,13,19,6,28,25,19,23,6,18,17,11,14,10,25,36,26,38
Singapore,Coupe,Rolls-Royce,Import,ASEAN,South Asia,ASEAN,BMW,BMW,2,4,0,0,3,1,2,0,2,0,2,3,6,2,3,2,2,4,4,2,4,1,3,3,0,2,9,8,8,12,8,6,8,3,0,0
Singapore,Coupe,Subaru,Import,ASEAN,South Asia,ASEAN,Subaru,Subaru,5,3,0,1,2,3,1,2,6,5,10,1,2,1,1,0,2,0,1,2,0,0,0,1,0,0,0,0,0,0,0,2,0,0,0,0
Singapore,Coupe,Toyota,Import,ASEAN,South Asia,ASEAN,Toyota,Toyota,1,2,1,0,0,0,0,0,0,0,0,0,0,0,0,0,0,0,1,5,9,3,3,2,4,10,2,5,0,0,3,8,4,3,1,13
Singapore,Hatchback,Alfa Romeo,Import,ASEAN,South Asia,ASEAN,FCA,Stellantis,4,8,8,9,12,15,6,6,4,5,1,2,0,2,1,2,2,2,4,4,4,0,2,0,1,1,2,0,0,0,0,0,3,1,0,0
Singapore,Hatchback,Aston Martin,Import,ASEAN,South Asia,ASEAN,Aston Martin,Aston Martin,2,5,1,1,1,1,0,0,1,0,1,0,2,3,2,2,2,2,0,2,1,0,0,0,0,0,0,0,0,0,0,0,0,0,0,0
Singapore,Hatchback,Audi,Import,ASEAN,South Asia,ASEAN,Audi,Volkswagen,64,78,73,123,93,113,91,49,72,107,80,72,75,95,97,82,79,67,139,78,91,0,61,105,70,70,45,23,15,27,20,23,43,25,17,62
Singapore,Hatchback,BMW,Import,ASEAN,South Asia,ASEAN,BMW,BMW,87,112,72,114,87,94,157,272,311,255,194,427,139,293,157,219,140,199,233,392,249,40,350,332,394,366,258,168,177,221,265,232,83,100,150,264
Singapore,Hatchback,Bollore,Import,ASEAN,South Asia,ASEAN,Bollore,Bollore,0,0,0,0,0,0,0,0,0,0,11,224,0,0,72,108,54,24,137,50,0,0,0,0,0,0,0,30,55,20,34,0,0,0,0,0
Singapore,Hatchback,BYD,Import,ASEAN,South Asia,ASEAN,BYD,BYD,0,0,0,0,0,0,0,0,0,0,0,0,0,0,0,0,0,0,0,0,0,0,0,0,0,0,0,0,0,0,0,0,0,0,0,20
Singapore,Hatchback,Chery,Import,ASEAN,South Asia,ASEAN,Chery,Chery,0,0,0,0,3,0,1,2,0,1,5,0,0,0,0,0,0,0,0,0,0,0,0,0,0,0,0,0,0,0,0,0,0,0,0,0
Singapore,Hatchback,Chevrolet,Domestic,ASEAN,South Asia,ASEAN,General Motors,General Motors,18,2,0,0,0,0,0,0,0,0,0,0,0,0,0,0,0,0,0,0,0,0,0,0,0,0,0,0,0,0,0,0,0,0,0,0
Singapore,Hatchback,Chevrolet,Import,ASEAN,South Asia,ASEAN,General Motors,General Motors,5,4,40,40,59,56,51,45,20,12,29,0,0,0,0,0,0,0,0,0,0,0,0,0,0,0,0,0,0,0,0,0,0,0,0,0
Singapore,Hatchback,Citroen,Import,ASEAN,South Asia,ASEAN,PSA,Stellantis,0,27,18,42,13,13,48,43,71,114,131,74,26,45,28,46,43,0,0,0,0,0,0,0,0,0,0,1,20,8,3,0,0,0,0,0
Singapore,Hatchback,DS,Import,ASEAN,South Asia,ASEAN,PSA,Stellantis,2,3,8,3,0,0,0,0,0,0,0,0,0,0,0,0,0,0,0,0,0,0,0,0,0,0,0,0,0,0,0,0,0,0,0,0
Singapore,Hatchback,Ferrari,Import,ASEAN,South Asia,ASEAN,Ferrari,Ferrari,4,2,2,1,3,0,3,2,1,0,2,2,4,2,7,5,4,2,4,1,2,1,4,4,4,1,6,0,0,0,0,0,0,0,0,0
Singapore,Hatchback,Fiat,Import,ASEAN,South Asia,ASEAN,FCA,Stellantis,0,0,0,0,1,0,0,0,0,0,0,1,0,0,0,0,0,0,1,0,1,0,0,2,1,0,1,3,3,2,0,1,2,1,1,0
Singapore,Hatchback,Ford,Domestic,ASEAN,South Asia,ASEAN,Ford,Ford,15,16,9,2,11,15,27,13,10,11,7,0,0,0,0,0,0,0,0,0,0,0,0,0,0,0,0,0,0,0,0,0,0,0,0,0
Singapore,Hatchback,Ford,Import,ASEAN,South Asia,ASEAN,Ford,Ford,2,55,40,26,19,22,28,14,32,20,9,13,6,7,6,3,2,1,0,1,1,0,0,0,0,0,0,0,0,0,0,0,0,0,0,0
Singapore,Hatchback,Honda,Domestic,ASEAN,South Asia,ASEAN,Honda,Honda,0,0,0,0,0,0,0,0,0,0,19,4,22,42,23,13,55,132,74,25,48,46,36,16,19,16,8,6,9,12,4,0,0,0,0,0
Singapore,Hatchback,Honda,Import,ASEAN,South Asia,ASEAN,Honda,Honda,359,205,282,261,59,26,31,100,125,183,291,195,54,88,144,66,115,126,107,68,93,23,62,38,56,47,81,68,60,77,190,141,78,151,152,110
Singapore,Hatchback,Hyundai,Import,ASEAN,South Asia,ASEAN,Hyundai,Hyundai,32,31,39,27,51,49,27,12,23,44,66,89,90,150,184,113,89,200,123,517,437,30,237,127,182,190,178,98,91,112,47,22,60,7,1,0
Singapore,Hatchback,Infiniti,Import,ASEAN,South Asia,ASEAN,Nissan,Renault-Nissan-Mitsubishi,0,0,0,0,0,0,14,39,23,8,16,13,10,12,8,8,9,3,6,4,0,0,0,0,0,0,0,0,0,0,0,0,0,0,0,0
Singapore,Hatchback,Kia,Import,ASEAN,South Asia,ASEAN,Hyundai,Hyundai,1,15,9,5,0,0,0,0,0,0,0,0,108,182,141,235,599,478,375,231,323,20,234,136,97,84,170,79,88,72,62,35,13,4,0,0
Singapore,Hatchback,Lexus,Import,ASEAN,South Asia,ASEAN,Toyota,Toyota,1,1,5,6,3,2,5,11,9,42,12,13,7,11,7,9,5,3,6,10,5,0,5,2,12,12,19,27,4,19,11,8,2,2,1,0
Singapore,Hatchback,Mazda,Domestic,ASEAN,South Asia,ASEAN,Mazda,Mazda,11,116,79,168,97,90,66,73,59,108,122,106,167,139,55,81,84,47,58,40,30,2,44,49,59,37,18,16,13,18,3,7,9,6,7,6
Singapore,Hatchback,Mazda,Import,ASEAN,South Asia,ASEAN,Mazda,Mazda,59,67,38,86,73,67,33,40,39,72,79,72,116,94,36,53,55,29,35,23,34,2,22,17,21,17,7,5,7,10,3,0,5,2,0,0
Singapore,Hatchback,Mercedes-Benz,Import,ASEAN,South Asia,ASEAN,Mercedes-Benz,Mercedes-Benz,92,136,31,38,37,38,67,86,152,91,206,240,211,160,108,225,238,190,201,139,187,32,154,155,116,144,64,65,92,142,109,116,99,89,80,214
Singapore,Hatchback,MG,Import,ASEAN,South Asia,ASEAN,SAIC,SAIC,0,0,0,0,0,0,0,0,0,0,0,0,0,0,0,0,0,0,0,0,0,0,0,0,0,0,0,0,0,0,0,0,11,18,11,9
Singapore,Hatchback,Mini,Import,ASEAN,South Asia,ASEAN,BMW,BMW,57,42,40,72,56,53,73,58,38,66,71,106,41,37,71,92,54,51,65,50,40,9,90,81,86,69,94,88,54,53,26,36,30,33,45,39
Singapore,Hatchback,Mitsubishi,Domestic,ASEAN,South Asia,ASEAN,Nissan,Renault-Nissan-Mitsubishi,0,0,0,0,0,0,0,0,19,37,129,47,224,149,119,51,155,102,91,39,34,1,48,33,29,31,4,4,4,4,0,1,5,0,0,0
Singapore,Hatchback,Nissan,Domestic,ASEAN,South Asia,ASEAN,Nissan,Renault-Nissan-Mitsubishi,0,0,0,0,0,0,0,0,0,0,0,0,0,0,0,0,0,0,0,0,0,0,0,3,0,0,0,0,0,0,0,0,0,0,0,0
Singapore,Hatchback,Nissan,Import,ASEAN,South Asia,ASEAN,Nissan,Renault-Nissan-Mitsubishi,25,70,57,155,138,169,105,247,151,84,66,172,153,171,164,90,93,37,42,32,49,7,57,30,57,81,65,28,40,58,29,15,4,16,41,28
Singapore,Hatchback,Opel,Import,ASEAN,South Asia,ASEAN,PSA,Stellantis,0,0,0,0,2,8,52,85,66,86,135,235,42,121,20,13,86,92,68,60,36,2,91,93,94,77,102,100,61,20,11,140,30,8,17,16
Singapore,Hatchback,ORA,Import,ASEAN,South Asia,ASEAN,Great Wall,Great Wall,0,0,0,0,0,0,0,0,0,0,0,0,0,0,0,0,0,0,0,0,0,0,0,0,0,0,0,0,0,0,0,0,0,0,0,1
Singapore,Hatchback,Perodua,Domestic,ASEAN,South Asia,ASEAN,Perodua,Perodua,0,0,0,0,6,6,5,1,12,38,38,37,3,10,1,5,25,24,25,14,8,16,25,18,7,8,10,3,2,3,0,0,0,0,0,2
Singapore,Hatchback,Peugeot,Import,ASEAN,South Asia,ASEAN,PSA,Stellantis,18,46,34,44,34,53,26,27,13,19,17,26,35,54,14,13,4,3,6,5,5,1,22,24,9,13,7,5,0,0,0,0,0,0,0,0
Singapore,Hatchback,Polestar,Import,ASEAN,South Asia,ASEAN,Geely,Geely,0,0,0,0,0,0,0,0,0,0,0,0,0,0,0,0,0,0,0,0,0,0,0,0,0,0,0,10,29,52,46,31,22,37,23,40
Singapore,Hatchback,Porsche,Import,ASEAN,South Asia,ASEAN,Porsche,Volkswagen,4,8,5,24,13,13,2,0,5,10,19,40,30,47,41,80,63,61,53,76,74,19,70,65,70,96,32,87,140,111,101,99,7,1,6,127
Singapore,Hatchback,Renault,Import,ASEAN,South Asia,ASEAN,Renault,Renault-Nissan-Mitsubishi,4,21,10,18,12,13,14,8,7,16,49,78,36,52,61,62,43,64,71,36,32,2,29,27,15,13,16,4,3,5,1,0,0,0,0,0
Singapore,Hatchback,SEAT,Import,ASEAN,South Asia,ASEAN,Volkswagen,Volkswagen,0,0,0,0,0,0,2,11,43,33,32,57,7,18,34,26,34,34,34,21,30,1,25,31,29,9,9,18,5,6,4,3,4,4,4,1
Singapore,Hatchback,Skoda,Import,ASEAN,South Asia,ASEAN,Volkswagen,Volkswagen,0,0,0,0,0,0,0,0,0,0,0,0,4,27,139,162,172,173,173,98,113,1,128,97,63,53,96,35,29,18,10,22,19,30,47,16
Singapore,Hatchback,Subaru,Import,ASEAN,South Asia,ASEAN,Subaru,Subaru,2,3,3,0,1,0,0,1,1,38,42,37,43,59,54,25,18,17,15,16,14,0,14,8,7,8,3,1,5,4,1,2,7,2,1,0
Singapore,Hatchback,Suzuki,Import,ASEAN,South Asia,ASEAN,Suzuki,Suzuki,11,25,17,45,51,97,84,82,47,120,60,12,0,0,32,44,69,74,64,44,71,5,90,84,96,67,68,64,37,32,39,39,49,44,103,72
Singapore,Hatchback,Tesla,Import,ASEAN,South Asia,ASEAN,Tesla,Tesla,0,0,0,0,1,0,0,2,0,0,0,0,0,0,2,2,2,1,0,2,3,0,3,0,0,1,0,14,1,0,0,0,0,0,0,62
Singapore,Hatchback,Toyota,Import,ASEAN,South Asia,ASEAN,Toyota,Toyota,120,10,42,171,76,89,223,602,426,745,431,428,143,458,234,376,108,45,104,54,50,6,66,89,157,143,61,47,15,49,14,5,34,41,9,24
Singapore,Hatchback,Volkswagen,Import,ASEAN,South Asia,ASEAN,Volkswagen,Volkswagen,331,281,347,370,256,278,256,237,253,253,421,331,168,173,294,247,190,226,147,156,145,11,212,145,10,61,66,60,39,24,22,9,37,51,75,69
Singapore,Hatchback,Volvo,Import,ASEAN,South Asia,ASEAN,Geely,Geely,84,70,108,86,101,105,87,82,74,67,72,87,59,67,16,42,37,27,32,31,27,0,11,0,0,0,0,0,0,0,0,0,0,0,0,0
Singapore,MPV,BMW,Import,ASEAN,South Asia,ASEAN,BMW,BMW,72,71,15,25,30,54,85,209,233,191,238,256,259,336,240,326,177,236,226,199,97,25,178,223,105,106,118,139,106,56,55,107,6,3,5,23
Singapore,MPV,BYD,Import,ASEAN,South Asia,ASEAN,BYD,BYD,0,0,0,0,0,0,0,7,0,0,8,55,30,0,2,0,1,5,1,0,1,0,0,2,21,19,0,29,96,202,147,166,77,32,41,155
Singapore,MPV,Chery,Import,ASEAN,South Asia,ASEAN,Chery,Chery,1,0,0,0,0,0,0,0,0,0,0,0,0,0,0,0,0,0,0,0,0,0,0,0,0,0,0,0,0,0,0,0,0,0,0,0
Singapore,MPV,Chevrolet,Import,ASEAN,South Asia,ASEAN,General Motors,General Motors,31,8,22,36,40,36,34,93,95,134,41,0,0,0,1,0,0,0,0,0,0,0,0,0,0,0,0,0,0,0,0,0,0,0,0,0
Singapore,MPV,Chrysler,Import,ASEAN,South Asia,ASEAN,FCA,Stellantis,0,0,0,0,2,2,2,2,0,0,0,0,0,0,0,0,0,0,0,0,0,0,0,0,0,0,0,0,0,0,0,0,0,0,0,0
Singapore,MPV,Citroen,Import,ASEAN,South Asia,ASEAN,PSA,Stellantis,0,0,0,0,152,234,165,146,124,95,61,52,24,45,20,27,39,55,53,59,36,3,57,43,40,37,21,19,29,23,26,5,0,0,0,0
Singapore,MPV,Ford,Import,ASEAN,South Asia,ASEAN,Ford,Ford,7,0,0,0,5,12,28,9,24,23,12,9,6,9,8,1,0,0,0,0,0,0,0,0,0,0,0,0,0,0,0,0,0,0,0,0
Singapore,MPV,Honda,Domestic,ASEAN,South Asia,ASEAN,Honda,Honda,82,142,128,136,92,85,98,166,159,188,79,0,0,0,0,0,0,0,0,0,0,0,0,0,0,0,0,0,0,0,0,0,0,0,0,0
Singapore,MPV,Honda,Import,ASEAN,South Asia,ASEAN,Honda,Honda,145,178,286,272,1091,1244,1423,1358,1121,1229,521,556,806,1005,561,543,669,675,528,452,393,66,326,305,300,114,244,265,145,67,0,0,5,3,27,55
Singapore,MPV,Hyundai,Import,ASEAN,South Asia,ASEAN,Hyundai,Hyundai,11,7,18,9,18,18,56,8,5,6,12,23,2,2,10,18,8,10,3,8,0,1,0,1,1,0,0,0,14,4,9,11,2,7,3,9
Singapore,MPV,Kia,Import,ASEAN,South Asia,ASEAN,Hyundai,Hyundai,0,14,27,41,70,97,100,94,103,208,232,238,150,97,91,89,20,0,0,0,0,2,0,0,0,0,0,0,0,0,6,32,6,3,0,0
Singapore,MPV,Lexus,Import,ASEAN,South Asia,ASEAN,Toyota,Toyota,0,0,0,0,0,0,0,0,0,0,0,0,0,0,0,0,0,0,0,0,0,0,81,135,140,81,80,70,77,94,59,49,26,36,47,81
Singapore,MPV,Maxus,Import,ASEAN,South Asia,ASEAN,SAIC,SAIC,0,0,0,0,0,0,0,2,17,33,62,38,0,1,5,3,4,9,4,1,3,0,10,14,26,5,10,22,23,6,7,33,28,2,26,31
Singapore,MPV,Mazda,Import,ASEAN,South Asia,ASEAN,Mazda,Mazda,183,199,228,282,317,377,288,309,193,328,382,616,108,36,0,0,0,0,0,0,0,0,0,0,0,0,0,0,0,0,0,0,0,0,0,0
Singapore,MPV,Mercedes-Benz,Import,ASEAN,South Asia,ASEAN,Mercedes-Benz,Mercedes-Benz,125,138,106,108,140,135,89,24,54,66,48,45,34,43,34,64,36,40,70,182,284,12,202,205,284,229,169,243,140,254,211,272,1,3,2,114
Singapore,MPV,Nissan,Import,ASEAN,South Asia,ASEAN,Nissan,Renault-Nissan-Mitsubishi,28,39,16,21,118,139,73,106,135,87,91,108,55,46,60,63,54,22,39,95,41,9,37,15,45,34,61,43,27,27,106,116,195,102,226,85
Singapore,MPV,Opel,Import,ASEAN,South Asia,ASEAN,PSA,Stellantis,0,0,0,0,5,10,47,38,86,119,61,122,17,54,10,16,77,89,66,71,10,0,16,14,0,0,0,0,0,0,0,0,0,0,0,0
Singapore,MPV,Peugeot,Import,ASEAN,South Asia,ASEAN,PSA,Stellantis,26,29,16,28,15,18,15,29,43,23,22,41,15,26,12,22,0,0,0,0,0,0,0,0,0,0,0,0,0,0,0,0,0,0,0,0
Singapore,MPV,Renault,Import,ASEAN,South Asia,ASEAN,Renault,Renault-Nissan-Mitsubishi,6,17,7,13,21,9,20,13,17,53,20,6,15,18,26,56,28,52,44,28,23,2,16,13,8,10,8,4,5,9,4,2,0,0,0,0
Singapore,MPV,SEAT,Import,ASEAN,South Asia,ASEAN,Volkswagen,Volkswagen,0,0,0,0,0,0,0,2,7,4,8,15,2,11,12,26,15,17,14,15,18,1,12,15,11,4,3,5,2,2,1,1,0,0,0,0
Singapore,MPV,Ssangyong,Import,ASEAN,South Asia,ASEAN,KG Mobility,KG Mobility,1,9,5,5,14,11,5,6,10,4,6,45,1,8,1,1,3,4,2,2,32,5,3,0,0,0,0,0,0,0,0,0,0,0,0,0
Singapore,MPV,Suzuki,Import,ASEAN,South Asia,ASEAN,Suzuki,Suzuki,11,12,20,14,0,0,0,0,0,0,0,0,0,0,0,0,0,0,0,0,0,0,0,0,0,0,0,0,0,0,0,0,16,59,29,29
Singapore,MPV,Toyota,Domestic,ASEAN,South Asia,ASEAN,Toyota,Toyota,12,7,9,3,0,0,13,25,33,45,42,53,35,50,30,43,67,68,59,61,63,4,44,46,49,26,20,33,0,0,0,0,0,0,0,0
Singapore,MPV,Toyota,Import,ASEAN,South Asia,ASEAN,Toyota,Toyota,636,467,384,586,1036,1556,1574,1267,1153,1521,1743,1941,1028,1250,572,758,1138,1126,1023,1075,984,76,682,729,742,402,374,403,453,413,481,427,495,701,885,775
Singapore,MPV,Volkswagen,Import,ASEAN,South Asia,ASEAN,Volkswagen,Volkswagen,107,92,189,314,200,199,142,156,110,131,121,147,91,136,183,273,121,124,124,70,95,3,150,134,116,109,84,35,37,31,55,34,7,1,1,0
Singapore,Pickup,Isuzu,Domestic,ASEAN,South Asia,ASEAN,Isuzu,Isuzu,13,10,12,12,0,0,0,0,0,0,0,0,0,0,0,0,0,0,0,0,0,0,0,0,0,0,0,0,0,0,0,0,0,0,0,0
Singapore,Pickup,Jeep,Import,ASEAN,South Asia,ASEAN,FCA,Stellantis,0,0,0,0,0,0,0,0,0,0,0,0,0,0,0,0,0,0,0,0,0,0,1,5,9,0,0,0,0,0,0,0,0,0,0,0
Singapore,Pickup,Mitsubishi,Domestic,ASEAN,South Asia,ASEAN,Nissan,Renault-Nissan-Mitsubishi,39,48,62,29,5,6,22,28,13,21,31,40,24,33,30,31,24,26,17,13,19,6,23,11,7,0,1,3,0,0,0,0,0,0,0,0
Singapore,Pickup,Nissan,Domestic,ASEAN,South Asia,ASEAN,Nissan,Renault-Nissan-Mitsubishi,0,1,6,23,0,0,0,0,0,0,0,0,0,0,0,0,0,0,0,0,0,0,0,0,0,0,0,0,0,0,0,0,0,0,0,0
Singapore,Pickup,Ssangyong,Import,ASEAN,South Asia,ASEAN,KG Mobility,KG Mobility,5,8,8,16,7,6,2,1,8,3,13,21,1,21,26,3,10,2,16,27,11,1,4,3,17,0,0,0,0,0,0,0,17,0,0,7
Singapore,Pickup,Toyota,Domestic,ASEAN,South Asia,ASEAN,Toyota,Toyota,3,14,0,0,43,40,42,21,5,5,24,103,49,60,47,68,48,47,43,30,25,13,45,31,89,6,18,46,8,7,6,5,10,0,0,60
Singapore,Roadster,Aston Martin,Import,ASEAN,South Asia,ASEAN,Aston Martin,Aston Martin,0,0,0,0,1,3,0,0,1,1,3,1,1,1,2,2,1,0,0,0,0,0,0,0,0,0,0,0,0,0,0,0,0,0,0,0
Singapore,Roadster,Audi,Import,ASEAN,South Asia,ASEAN,Audi,Volkswagen,3,3,3,8,6,7,5,1,1,2,7,2,3,3,0,2,1,0,1,0,2,0,1,0,4,2,1,2,0,0,0,0,0,0,0,4
Singapore,Roadster,BMW,Import,ASEAN,South Asia,ASEAN,BMW,BMW,1,0,0,0,0,0,27,17,4,0,0,0,0,0,0,0,2,31,32,15,4,1,3,8,7,8,5,5,3,3,4,3,7,10,8,10
Singapore,Roadster,Ferrari,Import,ASEAN,South Asia,ASEAN,Ferrari,Ferrari,1,3,1,0,2,0,0,0,4,1,4,1,0,0,0,0,0,0,0,0,2,0,5,3,0,0,0,0,0,0,0,0,0,0,0,1
Singapore,Roadster,Jaguar,Import,ASEAN,South Asia,ASEAN,Tata,Tata,0,7,6,5,6,4,7,2,0,2,2,0,0,1,0,0,1,0,0,0,0,0,0,0,0,0,0,0,0,0,0,0,0,0,0,0
Singapore,Roadster,Lamborghini,Import,ASEAN,South Asia,ASEAN,Audi,Volkswagen,0,0,0,0,0,1,1,0,1,2,0,0,0,0,0,0,0,0,0,0,0,0,0,0,0,0,0,0,0,0,0,0,0,0,0,0
Singapore,Roadster,Lotus,Import,ASEAN,South Asia,ASEAN,Geely,Geely,0,0,0,0,0,0,0,1,0,1,0,0,1,0,0,0,0,0,0,0,2,0,1,2,0,1,5,0,1,1,0,0,4,1,0,0
Singapore,Roadster,Mazda,Import,ASEAN,South Asia,ASEAN,Mazda,Mazda,0,0,0,16,21,17,5,5,11,18,4,3,5,7,6,16,2,7,5,4,3,0,0,3,3,1,1,0,2,6,1,1,1,1,0,4
Singapore,Roadster,McLaren,Import,ASEAN,South Asia,ASEAN,McLaren,McLaren,0,0,0,0,0,0,0,0,0,0,0,0,5,3,2,1,2,4,4,2,5,0,3,4,0,5,3,3,0,0,0,0,0,0,0,0
Singapore,Roadster,Mercedes-Benz,Import,ASEAN,South Asia,ASEAN,Mercedes-Benz,Mercedes-Benz,33,27,26,36,71,77,74,44,72,123,118,155,111,134,141,65,120,115,92,79,95,10,71,99,5,0,0,0,0,0,7,11,31,27,22,27
Singapore,Roadster,Porsche,Import,ASEAN,South Asia,ASEAN,Porsche,Volkswagen,12,8,3,3,4,7,15,10,12,5,11,16,8,12,14,16,15,16,12,10,13,4,20,19,13,15,4,14,11,8,10,7,18,25,18,26
Singapore,Sedan,Alfa Romeo,Import,ASEAN,South Asia,ASEAN,FCA,Stellantis,1,0,0,0,0,0,0,0,0,0,0,0,7,19,12,6,9,4,8,7,6,1,8,6,6,5,6,4,2,2,2,3,1,1,1,9
Singapore,Sedan,Audi,Import,ASEAN,South Asia,ASEAN,Audi,Volkswagen,252,277,174,260,201,240,301,480,371,356,353,365,358,458,422,474,352,318,311,217,288,7,261,266,205,230,186,83,88,109,80,84,64,30,38,204
Singapore,Sedan,Bentley,Import,ASEAN,South Asia,ASEAN,Audi,Volkswagen,12,0,0,0,6,3,2,6,12,5,6,9,9,4,11,10,7,8,9,7,5,7,11,11,9,14,3,4,14,8,1,3,5,8,1,0
Singapore,Sedan,BMW,Import,ASEAN,South Asia,ASEAN,BMW,BMW,409,640,419,661,631,801,648,236,269,502,468,656,489,411,306,636,385,576,312,620,492,78,620,610,737,655,442,290,302,324,324,301,288,322,332,617
Singapore,Sedan,BYD,Import,ASEAN,South Asia,ASEAN,BYD,BYD,0,0,0,0,0,0,0,0,0,0,0,0,0,0,0,0,0,0,0,0,0,0,0,0,0,0,0,0,0,0,0,0,0,0,0,28
Singapore,Sedan,Chery,Import,ASEAN,South Asia,ASEAN,Chery,Chery,0,0,0,1,0,0,0,0,0,0,0,0,0,0,0,0,0,0,0,0,0,0,0,0,0,0,0,0,0,0,0,0,0,0,0,0
Singapore,Sedan,Chevrolet,Domestic,ASEAN,South Asia,ASEAN,General Motors,General Motors,69,24,36,36,31,30,27,19,11,14,16,0,0,0,0,0,0,0,0,0,0,0,0,0,0,0,0,0,0,0,0,0,0,0,0,0
Singapore,Sedan,Chevrolet,Import,ASEAN,South Asia,ASEAN,General Motors,General Motors,6,22,15,21,18,16,16,27,12,17,26,0,0,0,0,1,0,0,0,0,0,0,1,0,0,0,0,0,0,0,0,0,0,0,0,0
Singapore,Sedan,Ford,Import,ASEAN,South Asia,ASEAN,Ford,Ford,1,38,22,44,12,25,10,27,26,17,17,43,2,11,4,4,6,3,0,0,0,0,0,0,0,0,0,0,0,0,0,0,0,0,0,0
Singapore,Sedan,Honda,Domestic,ASEAN,South Asia,ASEAN,Honda,Honda,157,198,247,204,199,129,610,963,1139,844,419,482,54,90,214,106,196,250,268,139,297,64,199,138,128,89,120,94,90,107,225,155,44,82,81,68
Singapore,Sedan,Honda,Import,ASEAN,South Asia,ASEAN,Honda,Honda,0,0,0,0,3,2,4,6,0,0,0,0,0,0,0,0,0,0,0,0,0,0,0,0,0,0,0,0,0,0,0,0,0,0,0,0
Singapore,Sedan,Hyundai,Import,ASEAN,South Asia,ASEAN,Hyundai,Hyundai,794,444,521,663,648,705,434,348,375,559,1203,1543,1006,1380,1533,975,1307,1423,814,156,237,29,217,453,423,416,407,255,198,196,251,142,31,19,42,2
Singapore,Sedan,Infiniti,Import,ASEAN,South Asia,ASEAN,Nissan,Renault-Nissan-Mitsubishi,40,42,71,67,69,66,70,52,61,42,59,47,39,54,33,36,27,19,28,21,17,0,27,25,4,5,0,0,0,0,0,0,0,0,0,0
Singapore,Sedan,Jaguar,Import,ASEAN,South Asia,ASEAN,Tata,Tata,117,73,60,83,128,98,107,120,135,89,108,104,62,110,44,40,45,18,29,40,32,0,16,11,19,10,8,7,8,11,1,2,0,1,2,12
Singapore,Sedan,Kia,Import,ASEAN,South Asia,ASEAN,Hyundai,Hyundai,394,366,495,499,509,463,493,406,413,626,667,821,415,412,323,622,447,422,314,189,158,37,186,120,68,66,69,35,30,31,6,3,9,25,13,44
Singapore,Sedan,Lexus,Import,ASEAN,South Asia,ASEAN,Toyota,Toyota,158,255,137,205,217,267,173,182,220,213,90,204,158,243,135,167,242,235,206,266,198,21,143,77,110,121,275,477,266,244,254,272,62,45,107,296
Singapore,Sedan,Maserati,Import,ASEAN,South Asia,ASEAN,FCA,Stellantis,7,22,8,19,16,15,11,11,5,36,14,21,10,14,18,28,10,20,10,9,16,0,21,25,18,18,12,13,12,11,5,4,1,6,6,10
Singapore,Sedan,Mazda,Domestic,ASEAN,South Asia,ASEAN,Mazda,Mazda,0,0,0,0,184,250,207,238,115,212,332,204,142,166,78,108,80,55,81,27,35,3,87,97,99,56,24,24,20,37,8,9,20,17,21,19
Singapore,Sedan,Mazda,Import,ASEAN,South Asia,ASEAN,Mazda,Mazda,545,894,475,1349,820,1114,1039,990,1458,1739,1159,639,849,977,468,1035,581,294,575,301,402,24,318,298,404,260,253,157,122,189,136,149,110,114,158,278
Singapore,Sedan,Mercedes-Benz,Import,ASEAN,South Asia,ASEAN,Mercedes-Benz,Mercedes-Benz,1201,1161,941,962,1114,1091,954,939,1225,1077,959,1044,839,1053,851,721,1118,806,896,959,958,121,813,915,703,975,417,361,630,782,395,404,314,386,329,1102
Singapore,Sedan,Mitsubishi,Domestic,ASEAN,South Asia,ASEAN,Nissan,Renault-Nissan-Mitsubishi,13,29,74,78,195,411,773,400,478,435,300,343,245,157,511,186,450,258,229,150,189,16,171,104,114,108,57,31,30,31,11,2,0,0,0,0
Singapore,Sedan,Mitsubishi,Import,ASEAN,South Asia,ASEAN,Nissan,Renault-Nissan-Mitsubishi,42,71,134,128,105,211,398,254,341,312,149,0,0,0,0,0,0,0,0,0,0,0,0,0,0,0,0,0,0,0,0,0,0,0,0,0
Singapore,Sedan,Nissan,Domestic,ASEAN,South Asia,ASEAN,Nissan,Renault-Nissan-Mitsubishi,428,685,513,652,544,439,226,240,184,77,169,165,124,118,125,158,100,45,66,59,236,22,220,89,85,191,114,44,22,0,0,0,0,0,0,0
Singapore,Sedan,Opel,Import,ASEAN,South Asia,ASEAN,PSA,Stellantis,1,0,0,0,6,3,9,10,10,4,8,10,0,0,0,0,0,0,0,0,0,0,0,0,0,0,0,0,0,0,0,0,0,0,0,0
Singapore,Sedan,ORA,Import,ASEAN,South Asia,ASEAN,Great Wall,Great Wall,0,0,0,0,0,0,0,0,0,0,0,0,0,0,0,0,0,0,0,0,0,0,0,0,0,0,0,0,0,0,0,0,0,0,0,19
Singapore,Sedan,Perodua,Domestic,ASEAN,South Asia,ASEAN,Perodua,Perodua,0,0,0,0,0,0,0,0,0,0,0,0,0,0,0,0,0,0,0,0,0,0,0,0,0,0,0,0,0,0,0,0,0,0,0,1
Singapore,Sedan,Peugeot,Import,ASEAN,South Asia,ASEAN,PSA,Stellantis,1,11,10,22,19,33,16,8,11,15,14,26,48,30,8,10,0,3,0,0,0,0,6,0,0,0,0,0,0,0,0,0,0,0,0,0
Singapore,Sedan,Porsche,Import,ASEAN,South Asia,ASEAN,Porsche,Volkswagen,0,0,0,0,0,0,0,0,0,0,0,0,0,0,0,0,0,0,0,0,0,0,0,0,25,34,8,10,16,15,11,9,21,40,23,39
Singapore,Sedan,Renault,Import,ASEAN,South Asia,ASEAN,Renault,Renault-Nissan-Mitsubishi,157,246,117,169,71,35,23,30,104,102,91,45,47,62,50,30,35,62,46,43,17,0,20,18,10,16,9,3,8,8,2,0,0,0,0,0
Singapore,Sedan,Rolls-Royce,Import,ASEAN,South Asia,ASEAN,BMW,BMW,6,3,1,2,1,4,3,1,4,2,4,5,7,2,6,3,6,9,5,6,11,3,8,10,5,8,10,8,13,15,3,0,16,16,2,10
Singapore,Sedan,Skoda,Import,ASEAN,South Asia,ASEAN,Volkswagen,Volkswagen,0,0,0,0,0,0,1,1,0,0,0,0,0,0,0,0,0,0,0,0,0,0,0,0,0,0,0,0,0,0,0,0,0,0,0,40
Singapore,Sedan,Subaru,Import,ASEAN,South Asia,ASEAN,Subaru,Subaru,18,51,38,31,31,78,32,20,48,93,77,148,109,129,120,250,81,71,100,85,104,2,70,38,29,25,27,1,0,2,1,0,9,2,1,0
Singapore,Sedan,Tesla,Import,ASEAN,South Asia,ASEAN,Tesla,Tesla,0,0,0,0,0,0,0,0,0,0,0,0,0,0,0,0,0,0,0,0,2,0,4,3,21,8,487,380,178,135,87,45,48,84,91,407
Singapore,Sedan,Toyota,Domestic,ASEAN,South Asia,ASEAN,Toyota,Toyota,988,1562,1361,1929,1771,2139,1385,1702,1866,1636,727,989,672,1241,761,1191,1213,1099,940,860,675,87,856,842,715,617,612,434,324,232,132,86,227,156,180,291
Singapore,Sedan,Toyota,Import,ASEAN,South Asia,ASEAN,Toyota,Toyota,0,0,0,0,0,0,0,0,0,0,0,0,0,0,0,0,0,0,0,0,0,0,0,0,0,0,0,0,0,0,0,0,0,0,40,65
Singapore,Sedan,Volkswagen,Domestic,ASEAN,South Asia,ASEAN,Volkswagen,Volkswagen,0,0,227,215,163,179,121,128,76,73,75,30,26,80,38,0,0,0,0,0,0,0,0,0,0,0,0,0,0,0,0,0,0,0,0,0
Singapore,Sedan,Volkswagen,Import,ASEAN,South Asia,ASEAN,Volkswagen,Volkswagen,264,446,33,75,65,52,47,92,56,40,41,48,19,40,62,228,52,47,91,66,62,2,82,73,31,21,25,22,20,22,22,14,13,9,7,7
Singapore,Sedan,Volvo,Import,ASEAN,South Asia,ASEAN,Geely,Geely,132,73,171,104,129,120,85,118,109,102,115,165,114,135,36,102,47,42,77,67,81,6,102,111,57,65,31,58,21,20,9,10,21,4,14,63
Singapore,SUV,Alfa Romeo,Import,ASEAN,South Asia,ASEAN,FCA,Stellantis,0,0,0,0,0,0,0,0,0,0,0,0,0,0,0,0,1,3,4,3,4,1,5,1,2,1,4,2,0,1,2,1,0,0,3,2
Singapore,SUV,Aston Martin,Import,ASEAN,South Asia,ASEAN,Aston Martin,Aston Martin,0,0,0,0,0,0,0,0,0,0,0,0,0,0,0,0,0,0,0,0,0,0,0,11,7,3,2,2,5,1,0,1,1,6,1,0
Singapore,SUV,Audi,Import,ASEAN,South Asia,ASEAN,Audi,Volkswagen,120,114,72,150,115,121,128,113,113,186,174,171,132,210,174,162,185,182,188,250,278,9,346,440,270,265,255,194,79,112,72,111,76,74,26,57
Singapore,SUV,Bentley,Import,ASEAN,South Asia,ASEAN,Audi,Volkswagen,0,0,0,0,0,0,3,8,3,5,5,4,3,2,3,3,4,4,5,4,4,3,5,8,10,9,13,5,11,10,6,8,12,4,2,2
Singapore,SUV,BMW,Import,ASEAN,South Asia,ASEAN,BMW,BMW,201,256,174,293,197,209,239,258,353,324,337,276,221,392,419,275,256,367,354,302,149,38,349,434,300,320,375,244,332,232,172,305,374,402,405,296
Singapore,SUV,BYD,Import,ASEAN,South Asia,ASEAN,BYD,BYD,0,0,0,0,0,0,0,0,0,0,0,0,0,0,0,0,0,0,0,0,0,0,0,0,0,0,0,0,0,2,76,97,47,204,346,324
Singapore,SUV,Chery,Import,ASEAN,South Asia,ASEAN,Chery,Chery,0,0,0,3,4,0,0,0,0,1,6,0,0,0,0,0,0,0,0,0,0,0,0,0,0,0,0,0,0,0,0,0,0,0,0,0
Singapore,SUV,Chevrolet,Domestic,ASEAN,South Asia,ASEAN,General Motors,General Motors,7,3,3,10,8,6,9,2,12,23,6,0,0,0,0,0,0,0,0,0,0,0,0,0,0,0,0,0,0,0,0,0,0,0,0,0
Singapore,SUV,Citroen,Import,ASEAN,South Asia,ASEAN,PSA,Stellantis,0,0,0,0,0,0,0,0,0,0,0,0,0,0,0,0,0,6,7,7,9,0,12,8,9,10,17,25,35,46,75,55,73,88,70,114
Singapore,SUV,Cupra,Import,ASEAN,South Asia,ASEAN,Volkswagen,Volkswagen,0,0,0,0,0,0,0,0,0,0,0,0,0,0,0,0,0,0,0,0,0,0,0,0,0,0,0,0,1,6,4,2,1,2,3,5
Singapore,SUV,Ferrari,Import,ASEAN,South Asia,ASEAN,Ferrari,Ferrari,0,0,0,0,0,0,0,0,0,0,0,0,0,0,0,0,0,0,0,0,0,0,0,0,0,0,0,0,0,0,0,0,0,0,0,1
Singapore,SUV,Ford,Import,ASEAN,South Asia,ASEAN,Ford,Ford,4,7,12,6,3,9,3,10,12,4,4,7,5,7,3,2,2,1,0,0,0,0,0,0,0,0,0,0,0,0,0,0,0,0,0,0
Singapore,SUV,Honda,Domestic,ASEAN,South Asia,ASEAN,Honda,Honda,107,759,151,217,2572,3292,2953,2847,1776,1394,1668,1734,1842,3974,1772,2094,2942,2966,2466,1600,1369,148,1171,825,913,696,511,538,434,528,370,368,226,122,104,152
Singapore,SUV,Honda,Import,ASEAN,South Asia,ASEAN,Honda,Honda,0,0,0,0,0,0,0,0,571,516,430,363,383,634,231,279,389,428,324,213,278,29,220,149,141,95,42,0,105,123,34,30,337,183,156,171
Singapore,SUV,Hyundai,Domestic,ASEAN,South Asia,ASEAN,Hyundai,Hyundai,0,0,0,0,0,0,0,0,0,0,0,0,0,0,0,0,0,0,0,0,0,0,0,0,0,0,0,0,0,0,0,0,0,0,0,181
Singapore,SUV,Hyundai,Import,ASEAN,South Asia,ASEAN,Hyundai,Hyundai,42,27,36,79,62,66,47,77,110,171,196,286,144,233,123,299,199,189,144,142,45,92,109,125,67,104,231,147,140,78,125,85,86,133,333,111
Singapore,SUV,Infiniti,Import,ASEAN,South Asia,ASEAN,Nissan,Renault-Nissan-Mitsubishi,0,0,0,0,0,2,2,1,1,0,1,3,0,0,6,3,7,6,5,5,4,0,9,0,1,0,0,0,0,0,0,0,0,0,0,0
Singapore,SUV,Jaguar,Import,ASEAN,South Asia,ASEAN,Tata,Tata,0,0,0,0,0,0,37,30,26,29,25,26,27,60,27,33,85,25,41,45,37,3,66,45,46,63,46,15,15,10,15,15,6,2,15,9
Singapore,SUV,Jeep,Import,ASEAN,South Asia,ASEAN,FCA,Stellantis,8,16,4,0,0,2,2,5,1,22,18,11,3,14,9,11,10,14,18,16,16,1,24,5,5,31,16,7,5,5,4,8,5,3,6,6
Singapore,SUV,Kia,Domestic,ASEAN,South Asia,ASEAN,Hyundai,Hyundai,0,0,0,0,0,0,0,0,0,0,0,0,0,0,0,0,0,0,0,0,0,0,0,0,0,0,0,0,8,7,2,0,0,1,0,0
Singapore,SUV,Kia,Import,ASEAN,South Asia,ASEAN,Hyundai,Hyundai,44,95,25,63,43,55,75,67,96,66,122,256,361,304,189,171,265,473,222,192,248,10,275,216,217,156,192,202,126,109,87,164,158,204,234,206
Singapore,SUV,Lamborghini,Import,ASEAN,South Asia,ASEAN,Audi,Volkswagen,0,0,0,0,0,0,0,0,0,0,0,0,0,0,0,2,20,15,8,7,14,3,3,5,9,8,3,9,0,8,2,0,1,1,0,7
Singapore,SUV,Land Rover,Import,ASEAN,South Asia,ASEAN,Tata,Tata,84,58,104,95,84,90,95,111,135,97,132,156,70,72,87,51,78,71,70,78,85,3,147,105,93,97,57,35,48,40,50,43,55,43,42,28
Singapore,SUV,Lexus,Import,ASEAN,South Asia,ASEAN,Toyota,Toyota,64,108,113,134,190,183,178,151,150,231,290,367,222,300,131,201,225,189,287,193,189,26,137,71,162,99,191,123,166,452,454,433,119,129,122,174
Singapore,SUV,Lotus,Import,ASEAN,South Asia,ASEAN,Geely,Geely,0,0,0,0,0,0,0,0,0,0,0,0,0,0,0,0,0,0,0,0,0,0,0,0,0,0,0,0,0,0,0,0,0,0,0,2
Singapore,SUV,Maserati,Import,ASEAN,South Asia,ASEAN,FCA,Stellantis,0,0,0,0,0,0,0,0,4,8,12,8,2,6,6,11,9,11,7,5,8,1,10,12,9,11,7,9,6,7,7,8,6,11,23,35
Singapore,SUV,Mazda,Domestic,ASEAN,South Asia,ASEAN,Mazda,Mazda,0,0,0,0,0,0,0,0,0,0,0,0,0,0,0,0,0,0,0,0,0,0,0,0,0,0,0,0,0,0,0,0,0,0,0,2
Singapore,SUV,Mazda,Import,ASEAN,South Asia,ASEAN,Mazda,Mazda,49,86,43,103,88,66,66,89,36,48,81,146,151,72,57,151,205,54,124,147,276,43,233,267,248,269,161,24,33,65,53,62,50,74,39,111
Singapore,SUV,Mercedes-Benz,Import,ASEAN,South Asia,ASEAN,Mercedes-Benz,Mercedes-Benz,98,42,20,50,75,78,101,200,351,284,168,537,316,500,399,360,508,458,446,383,652,76,499,521,793,590,370,322,236,385,263,281,608,579,495,460
Singapore,SUV,MG,Domestic,ASEAN,South Asia,ASEAN,SAIC,SAIC,0,0,0,0,0,0,0,0,0,0,0,0,0,0,0,0,0,0,0,0,5,6,106,195,232,121,97,41,35,131,27,49,4,5,5,6
Singapore,SUV,MG,Import,ASEAN,South Asia,ASEAN,SAIC,SAIC,0,0,0,0,0,0,0,0,0,0,0,0,0,0,0,0,0,0,0,0,3,1,27,2,8,5,15,5,4,16,3,5,34,53,55,59
Singapore,SUV,Mini,Import,ASEAN,South Asia,ASEAN,BMW,BMW,11,13,11,13,12,13,11,10,11,36,26,37,41,40,29,37,19,21,21,18,31,4,13,3,2,1,4,1,1,2,2,3,0,0,0,4
Singapore,SUV,Mitsubishi,Domestic,ASEAN,South Asia,ASEAN,Nissan,Renault-Nissan-Mitsubishi,42,17,29,30,0,0,0,0,101,130,6,27,132,91,67,65,88,84,52,42,41,7,65,43,47,28,8,0,0,0,0,0,0,0,0,0
Singapore,SUV,Mitsubishi,Import,ASEAN,South Asia,ASEAN,Nissan,Renault-Nissan-Mitsubishi,255,227,179,148,232,281,232,140,149,193,192,167,375,297,333,282,394,380,288,218,245,25,182,96,145,99,143,57,63,39,34,19,11,27,12,23
Singapore,SUV,Nissan,Domestic,ASEAN,South Asia,ASEAN,Nissan,Renault-Nissan-Mitsubishi,0,0,0,0,0,0,0,0,0,0,0,0,0,0,0,0,0,0,0,0,0,0,74,43,83,50,32,20,19,13,3,0,63,85,71,48
Singapore,SUV,Nissan,Import,ASEAN,South Asia,ASEAN,Nissan,Renault-Nissan-Mitsubishi,317,675,607,1260,991,1321,985,1184,1214,846,683,996,645,723,585,728,640,300,404,370,224,26,269,127,320,208,147,106,124,125,58,73,27,37,30,59
Singapore,SUV,Opel,Import,ASEAN,South Asia,ASEAN,PSA,Stellantis,0,0,0,0,0,0,0,0,0,0,0,0,0,0,0,0,0,0,0,0,0,0,0,0,0,0,0,0,6,15,12,20,8,11,12,9
Singapore,SUV,Perodua,Domestic,ASEAN,South Asia,ASEAN,Perodua,Perodua,0,0,0,0,0,0,0,0,0,0,0,0,0,0,0,0,0,0,0,0,0,0,0,0,0,0,0,0,0,0,0,0,0,0,0,1
Singapore,SUV,Peugeot,Import,ASEAN,South Asia,ASEAN,PSA,Stellantis,30,33,26,37,23,24,44,70,42,53,80,159,69,131,38,68,19,22,21,16,14,4,50,77,44,80,80,89,65,66,75,80,79,62,86,95
Singapore,SUV,Porsche,Import,ASEAN,South Asia,ASEAN,Porsche,Volkswagen,154,144,79,58,90,105,92,133,102,119,87,137,55,59,66,47,72,60,47,38,55,24,69,50,61,65,27,32,70,60,57,45,59,52,64,47
Singapore,SUV,Renault,Import,ASEAN,South Asia,ASEAN,Renault,Renault-Nissan-Mitsubishi,16,22,21,52,22,33,83,55,29,33,67,51,36,59,44,81,38,70,63,56,31,1,20,12,7,10,3,1,5,6,1,0,0,0,0,9
Singapore,SUV,Rolls-Royce,Import,ASEAN,South Asia,ASEAN,BMW,BMW,0,0,0,0,0,0,0,0,0,0,0,0,0,0,0,0,0,0,1,2,3,1,3,3,25,9,3,3,6,0,0,0,20,18,9,3
Singapore,SUV,SEAT,Import,ASEAN,South Asia,ASEAN,Volkswagen,Volkswagen,0,0,0,0,0,0,0,0,0,0,0,0,1,23,17,39,26,36,35,48,42,5,37,31,27,19,21,45,9,16,8,4,14,13,3,5
Singapore,SUV,Skoda,Import,ASEAN,South Asia,ASEAN,Volkswagen,Volkswagen,0,0,0,0,0,0,0,0,0,0,0,0,0,0,7,40,33,36,70,82,86,10,138,90,75,76,40,31,34,27,16,19,25,23,28,36
Singapore,SUV,Ssangyong,Import,ASEAN,South Asia,ASEAN,KG Mobility,KG Mobility,0,1,19,32,74,62,49,74,68,49,84,119,0,25,0,4,10,15,6,5,108,16,28,40,26,35,23,51,75,142,69,23,8,37,2,22
Singapore,SUV,Subaru,Domestic,ASEAN,South Asia,ASEAN,Subaru,Subaru,64,99,38,114,207,215,183,147,133,91,97,84,0,0,0,0,0,0,0,0,0,0,0,0,0,0,0,0,0,0,0,0,0,0,0,0
Singapore,SUV,Subaru,Import,ASEAN,South Asia,ASEAN,Subaru,Subaru,184,169,345,384,424,543,381,360,435,500,374,443,303,482,548,343,145,105,163,120,106,15,97,44,38,30,67,32,36,29,23,24,47,10,18,33
Singapore,SUV,Suzuki,Import,ASEAN,South Asia,ASEAN,Suzuki,Suzuki,10,39,16,34,12,17,25,24,28,68,33,93,10,11,14,45,36,52,48,40,13,2,11,17,23,21,14,6,8,2,3,1,0,0,0,1
Singapore,SUV,Tesla,Import,ASEAN,South Asia,ASEAN,Tesla,Tesla,0,0,0,0,0,0,0,0,0,0,0,0,0,0,0,0,3,2,0,4,0,0,2,3,0,0,0,13,1,0,252,176,118,151,148,119
Singapore,SUV,Toyota,Domestic,ASEAN,South Asia,ASEAN,Toyota,Toyota,5,5,2,1,0,11,8,0,0,0,0,0,19,21,14,18,12,10,18,13,11,1,9,8,174,103,64,75,34,64,43,36,24,26,24,58
Singapore,SUV,Toyota,Import,ASEAN,South Asia,ASEAN,Toyota,Toyota,345,505,20,13,863,903,877,735,398,624,735,1490,691,1347,456,805,494,455,576,416,390,52,413,416,480,509,245,192,245,287,68,12,333,360,349,390
Singapore,SUV,Volkswagen,Import,ASEAN,South Asia,ASEAN,Volkswagen,Volkswagen,18,19,26,49,32,38,41,52,58,57,58,56,43,64,56,124,64,62,61,88,70,1,86,58,66,66,62,35,34,29,28,17,37,39,56,45
Singapore,SUV,Volvo,Domestic,ASEAN,South Asia,ASEAN,Geely,Geely,14,0,0,0,0,0,0,38,54,58,58,110,60,105,58,27,47,28,32,25,24,3,57,28,32,36,17,17,11,8,6,30,0,0,0,0
Singapore,SUV,Volvo,Import,ASEAN,South Asia,ASEAN,Geely,Geely,54,88,63,112,153,104,104,59,55,54,49,96,48,171,135,66,97,50,62,43,40,4,66,29,32,37,18,20,65,47,37,55,78,88,88,63
Singapore,Van,BYD,Import,ASEAN,South Asia,ASEAN,BYD,BYD,0,0,0,0,0,0,0,0,0,0,0,0,0,0,0,0,0,0,0,0,0,0,0,2,1,71,80,19,82,128,45,0,234,14,37,65
Singapore,Van,Citroen,Import,ASEAN,South Asia,ASEAN,PSA,Stellantis,29,25,34,39,17,14,31,15,15,41,60,35,77,82,88,24,1,23,36,52,32,18,43,28,78,0,1,21,24,85,122,97,107,10,21,42
Singapore,Van,DFSK,Import,ASEAN,South Asia,ASEAN,Dongfeng,Dongfeng,0,0,0,0,0,0,0,0,0,0,0,0,0,0,0,0,0,0,0,0,0,0,0,0,0,0,0,0,21,44,83,51,84,16,34,44
Singapore,Van,Fiat,Import,ASEAN,South Asia,ASEAN,FCA,Stellantis,0,0,0,0,94,201,132,88,78,89,217,281,40,24,43,58,70,63,45,43,12,9,13,34,29,0,0,0,0,0,0,1,0,0,0,0
Singapore,Van,Ford,Import,ASEAN,South Asia,ASEAN,Ford,Ford,0,0,0,0,0,11,2,2,7,15,0,0,0,0,0,2,9,4,9,8,11,1,10,7,12,5,10,4,3,4,9,8,9,3,7,9
Singapore,Van,Foton,Import,ASEAN,South Asia,ASEAN,BAIC,BAIC,0,0,0,0,0,0,0,0,0,0,0,0,0,0,0,0,0,0,0,0,0,0,0,0,0,0,0,0,0,0,33,25,62,7,3,22
Singapore,Van,Golden Dragon,Import,ASEAN,South Asia,ASEAN,King Long,King Long,0,0,0,0,0,0,0,0,0,0,0,0,0,0,0,0,0,0,0,0,0,0,0,0,0,0,0,0,0,0,0,0,0,20,45,22
Singapore,Van,Honda,Import,ASEAN,South Asia,ASEAN,Honda,Honda,0,0,0,0,0,0,0,0,0,0,0,0,0,0,0,0,0,0,0,0,0,0,0,0,0,0,0,0,15,117,237,173,217,3,33,80
Singapore,Van,Maxus,Import,ASEAN,South Asia,ASEAN,SAIC,SAIC,0,0,0,0,0,0,0,0,0,0,0,0,0,0,0,0,0,0,0,0,0,0,0,0,0,0,0,0,0,0,0,0,28,0,0,2
Singapore,Van,Mercedes-Benz,Import,ASEAN,South Asia,ASEAN,Mercedes-Benz,Mercedes-Benz,37,37,52,50,80,50,60,57,70,66,63,72,36,60,38,78,83,53,74,52,65,13,28,70,87,36,42,59,31,25,42,57,44,7,13,53
Singapore,Van,Nissan,Domestic,ASEAN,South Asia,ASEAN,Nissan,Renault-Nissan-Mitsubishi,2,2,3,3,4,4,3,3,2,5,4,4,1,3,2,2,1,2,3,0,1,0,2,0,0,0,0,0,0,0,0,0,0,0,0,0
Singapore,Van,Nissan,Import,ASEAN,South Asia,ASEAN,Nissan,Renault-Nissan-Mitsubishi,348,348,748,687,753,861,640,509,543,1246,994,1351,235,451,456,487,371,441,444,302,316,126,431,293,111,990,728,459,207,142,208,188,168,42,82,308
Singapore,Van,Opel,Import,ASEAN,South Asia,ASEAN,PSA,Stellantis,0,0,0,0,10,14,11,9,26,32,21,17,6,18,31,22,14,12,10,9,6,1,7,5,24,2,4,14,36,15,44,50,59,9,24,67
Singapore,Van,Peugeot,Import,ASEAN,South Asia,ASEAN,PSA,Stellantis,9,13,0,0,41,36,25,40,35,77,54,36,25,61,13,1,1,40,45,36,35,6,50,25,70,9,7,13,2,0,0,0,0,0,1,10
Singapore,Van,Renault,Import,ASEAN,South Asia,ASEAN,Renault,Renault-Nissan-Mitsubishi,0,0,0,0,23,23,20,32,14,16,40,35,2,20,24,30,28,14,28,26,7,3,23,4,6,9,4,10,10,1,0,0,0,0,0,9
Singapore,Van,Shineray,Import,ASEAN,South Asia,ASEAN,Brilliance Auto,Brilliance Auto,0,0,0,0,0,0,0,0,0,0,0,0,0,0,0,0,0,0,0,0,0,0,0,0,0,0,0,0,0,0,0,0,197,7,5,31
Singapore,Van,Suzuki,Import,ASEAN,South Asia,ASEAN,Suzuki,Suzuki,0,0,0,0,0,0,0,0,0,0,0,0,18,39,31,27,42,25,28,16,15,6,28,20,4,51,51,74,156,123,32,47,37,0,1,0
Singapore,Van,Toyota,Import,ASEAN,South Asia,ASEAN,Toyota,Toyota,155,199,287,355,1152,1141,1020,885,1076,1064,1673,926,641,1064,978,1094,807,1066,588,612,506,206,743,542,945,344,502,357,137,134,111,105,269,18,103,340
Singapore,Van,Volkswagen,Import,ASEAN,South Asia,ASEAN,Volkswagen,Volkswagen,24,11,0,0,4,0,0,15,40,17,61,30,15,22,18,21,9,5,16,16,8,2,31,25,76,2,11,3,9,4,3,2,1,5,4,9
Singapore,Wagon,Audi,Import,ASEAN,South Asia,ASEAN,Audi,Volkswagen,3,3,5,12,11,9,11,6,15,19,35,43,34,38,33,30,25,21,21,29,20,1,14,18,13,15,12,5,5,11,7,9,1,1,1,11
Singapore,Wagon,BMW,Import,ASEAN,South Asia,ASEAN,BMW,BMW,14,41,29,38,0,0,0,0,0,0,0,0,0,0,0,0,0,0,0,0,0,0,0,0,0,0,0,0,0,0,0,0,0,0,0,0
Singapore,Wagon,Ford,Import,ASEAN,South Asia,ASEAN,Ford,Ford,0,8,2,0,0,0,23,12,11,10,3,4,2,4,1,0,0,0,0,0,0,0,0,0,0,0,0,0,0,0,0,0,0,0,0,0
Singapore,Wagon,Hyundai,Import,ASEAN,South Asia,ASEAN,Hyundai,Hyundai,145,0,0,0,16,14,12,19,0,0,0,0,0,197,16,97,124,117,63,11,22,4,23,37,57,50,30,25,26,32,13,22,0,0,0,0
Singapore,Wagon,Mazda,Import,ASEAN,South Asia,ASEAN,Mazda,Mazda,28,10,20,24,15,16,11,20,37,38,35,18,28,22,15,176,56,38,58,29,29,6,36,49,68,41,58,36,29,37,34,46,30,29,46,83
Singapore,Wagon,Mercedes-Benz,Import,ASEAN,South Asia,ASEAN,Mercedes-Benz,Mercedes-Benz,13,37,61,97,82,81,122,154,142,91,85,97,89,101,75,64,84,46,52,61,60,13,66,72,58,74,31,33,54,71,36,34,1,0,7,27
Singapore,Wagon,Mini,Import,ASEAN,South Asia,ASEAN,BMW,BMW,3,3,3,4,3,6,12,11,13,19,6,7,16,19,17,59,24,29,35,38,17,3,34,28,21,17,15,35,10,9,15,38,1,2,2,2
Singapore,Wagon,Peugeot,Import,ASEAN,South Asia,ASEAN,PSA,Stellantis,13,36,23,42,44,67,26,17,11,13,11,42,38,47,13,10,3,7,9,6,7,2,26,32,14,19,5,3,0,5,0,0,0,0,0,0
Singapore,Wagon,Porsche,Import,ASEAN,South Asia,ASEAN,Porsche,Volkswagen,0,0,0,0,0,0,0,0,0,0,0,0,0,0,0,0,0,0,0,0,0,0,0,0,0,0,0,0,0,0,0,0,0,2,6,5
Singapore,Wagon,Skoda,Import,ASEAN,South Asia,ASEAN,Volkswagen,Volkswagen,0,0,0,0,0,0,1,0,0,0,1,4,0,0,0,0,0,0,0,0,0,0,0,0,0,0,0,0,0,0,0,0,0,0,0,0
Singapore,Wagon,Subaru,Import,ASEAN,South Asia,ASEAN,Subaru,Subaru,0,16,33,61,44,115,64,48,103,139,108,226,145,144,131,307,88,70,84,68,92,2,73,50,29,18,18,3,11,4,1,2,13,5,6,4
Singapore,Wagon,Volvo,Import,ASEAN,South Asia,ASEAN,Geely,Geely,16,21,21,34,47,41,36,68,43,46,47,66,51,64,17,46,23,28,36,45,35,4,51,33,25,30,15,22,9,11,5,1,2,3,7,41
